Type,share
enterprisebuilding,0.403049594852111
mall,0.2529195800677344
hospitalbuilding,0.12521218998955597
residentialbuilding,0.08157164699615824
modernresidentialbuilding,0.07144307297002146
officebuilding,0.06562535247887796
electriccar,0.0001785626455409555
