Type,share
enterprisebuilding,0.2304522084181014
officebuilding,0.2124542000646218
residentialbuilding,0.19539538864052847
mall,0.14816692769336606
modernresidentialbuilding,0.11611824815897605
hospitalbuilding,0.09598887009135784
electriccar,0.0014241569330483744
